{
  "maps": [
    {
      "end_pose": {
        "theta": 0.893839372938583,
        "x": -0.7667002660127793,
        "y": -0.24903338549515286
      },
      "id": 0,
      "name": "test"
    }
  ]
}
