{
  "maps": [
    {
      "end_pose": {
        "theta": 0.2908926926776842,
        "x": 17.908689397446423,
        "y": 1.863694180955284
      },
      "id": 0,
      "name": "zy"
    }
  ]
}
