{
  "maps": [
    {
      "end_pose": {
        "theta": 0.47338301536413324,
        "x": -2.571255602883786,
        "y": -8.37596197335915
      },
      "id": 0,
      "name": "wooshmap"
    }
  ]
}
