{
  "maps": [
    {
      "end_pose": {
        "theta": -1.7769225315003054,
        "x": -0.08284062433618766,
        "y": -0.4481934137334172
      },
      "id": 0,
      "name": "Wego_Robotics_503"
    }
  ]
}
