{
  "maps": [
    {
      "end_pose": {
        "theta": 2.413872718616389,
        "x": -4.326486477038993,
        "y": 1.6277456422549137
      },
      "id": 0,
      "name": "200L"
    }
  ]
}
