{
  "maps": [
    {
      "end_pose": {
        "theta": -0.1834948189889404,
        "x": 0.7715341388952057,
        "y": -1.163959370541205
      },
      "id": 0,
      "name": "test4"
    }
  ]
}
